{"Count":5,"FilesInfo":[{"FileName":"C:\\Users\\dell\\Desktop\\リコレクションエンドロウル/.autosave/autosave.2024-6-2_0-18-12.txt","SavedTime":1717287492,"RawPath":"C:\\Users\\dell\\Desktop\\リコレクションエンドロウル"},{"FileName":"C:\\Users\\dell\\Desktop\\リコレクションエンドロウル/.autosave/autosave.2024-6-2_0-19-12.txt","SavedTime":1717287552,"RawPath":"C:\\Users\\dell\\Desktop\\リコレクションエンドロウル"},{"FileName":"C:\\Users\\dell\\Desktop\\リコレクションエンドロウル/.autosave/autosave.2024-6-2_0-20-12.txt","SavedTime":1717287612,"RawPath":"C:\\Users\\dell\\Desktop\\リコレクションエンドロウル"},{"FileName":"C:\\Users\\dell\\Desktop\\リコレクションエンドロウル/.autosave/autosave.2024-6-2_0-21-12.txt","SavedTime":1717287672,"RawPath":"C:\\Users\\dell\\Desktop\\リコレクションエンドロウル"},{"FileName":"C:\\Users\\dell\\Desktop\\リコレクションエンドロウル/.autosave/autosave.2024-6-2_0-22-12.txt","SavedTime":1717287732,"RawPath":"C:\\Users\\dell\\Desktop\\リコレクションエンドロウル"}]}